Workbook

Sheet Raw Data
A1: Product ID | B1: Product Name | C1: Supplier Name | D1: Purchase Qty (KG) | E1: Unit Cost (USD) | F1: Total Amount (USD) | G1: Batch ID | H1: Production Line | I1: Cycle Time (Days) | J1: Units Sold | K1: Cost Price (USD) | L1: Total Sales (USD) | M1: Tracking ID | N1: Carrier | O1: Destination Region | P1: Portable Way | Q1: Dispatch Date | R1: Delivery Status
A2: Po1o | B2: CMOS Image Sensor (CIS) | C2: Shenghe Resources | D2: 2200 | E2: 145.72 | F2: =D2*E2 -> 320584 | G2: #### | H2: Line_B2 | I2: 13 | J2: 1916 | K2: 56.84 | L2: =J2*K2 -> 108905.44 | M2: TRK-73630 | N2: SF Express | O2: Asia-Pacific | P2: Seaways | Q2: 2026-02-13 | R2: Pending Quality Release
A3: P002 | B3: GaAs RF Power Amp | C3: Sumitomo Electric | D3: 2600 | E3: 310.19 | F3: =D3*E3 -> 806494 | G3: #### | H3: Line_B3 | I3: 33 | J3: 2056 | K3: 556.05 | L3: =J3*K3 -> 1143238.8 | M3: TRK-62939 | N3: DB Schenker | O3: Asia-Pacific | P3: Seaways | Q3: 2026-01-10 | R3: Pending Quality Release
A4: P008 | B4: OLED Display Driver IC | C4: Formosa Sumco | D4: 2900 | E4: 101.97 | F4: =D4*E4 -> 295713 | G4: #### | H4: Line_A3 | I4: 27 | J4: 3564 | K4: 21.26 | L4: =J4*K4 -> 75770.64 | M4: TRK-97678 | N4: DB Schenker | O4: North America | P4: Airways | Q4: 2026-04-23 | R4: Pending Quality Release
A5: P004 | B5: Automotive MCU (16-bit) | C5: GlobalWafers | D5: 4400 | E5: 91.15 | F5: =D5*E5 -> 401060 | G5: #### | H5: Line_C1 | I5: 33 | J5: 1356 | K5: 36.36 | L5: =J5*K5 -> 49304.16 | M5: TRK-66595 | N5: FedEx Cargo | O5: Europe | P5: Airways | Q5: 2026-01-10 | R5: In Transit
A6: P007 | B6: IGBT Power Module | C6: Siltronic | D6: 3300 | E6: 135.15 | F6: =D6*E6 -> 445995 | G6: #### | H6: Line_C2 | I6: 41 | J6: 1584 | K6: 182.75 | L6: =J6*K6 -> 289476 | M6: TRK-99582 | N6: Maersk Line | O6: North America | P6: Airways | Q6: 2026-01-12 | R6: Delivered
A7: P001 | B7: Silicon Wafer 300mm | C7: Hemlock Semiconductor | D7: 4650 | E7: 83.69 | F7: =D7*E7 -> 389158.5 | G7: #### | H7: Line_A1 | I7: 17 | J7: 3873 | K7: 153.51 | L7: =J7*K7 -> 594544.23 | M7: TRK-28391 | N7: SF Express | O7: Asia-Pacific | P7: Seaways | Q7: 2026-04-30 | R7: In Transit
A8: P009 | B8: GaN Fast Charger IC | C8: Entegris | D8: 3850 | E8: 303.78 | F8: =D8*E8 -> 1169553 | G8: #### | H8: Line_D2 | I8: 19 | J8: 653 | K8: 62.71 | L8: =J8*K8 -> 40949.63 | M8: TRK-82133 | N8: SF Express | O8: Europe | P8: Airways | Q8: 2026-03-02 | R8: Delivered
A9: P004 | B9: Automotive MCU (16-bit) | C9: GlobalWafers | D9: 2750 | E9: 96.7 | F9: =D9*E9 -> 265925 | G9: #### | H9: Line_C1 | I9: 27 | J9: 1774 | K9: 34.79 | L9: =J9*K9 -> 61717.46 | M9: TRK-78732 | N9: Maersk Line | O9: Europe | P9: Airways | Q9: 2026-02-02 | R9: Delivered
A10: P005 | B10: AI Accelerator GPU | C10: Shin-Etsu Handotai | D10: 2100 | E10: 428.05 | F10: =D10*E10 -> 898905 | G10: #### | H10: Line_D1 | I10: 39 | J10: 2856 | K10: 2447.7 | L10: =J10*K10 -> 6990631.2 | M10: TRK-45814 | N10: DB Schenker | O10: Asia-Pacific | P10: Seaways | Q10: 2026-03-13 | R10: Delayed at Customs
A11: P009 | B11: GaN Fast Charger IC | C11: Entegris | D11: 3000 | E11: 285.2 | F11: =D11*E11 -> 855600 | G11: #### | H11: Line_D2 | I11: 32 | J11: 3383 | K11: 65.72 | L11: =J11*K11 -> 222330.76 | M11: TRK-38888 | N11: Nippon Express | O11: North America | P11: Airways | Q11: 2026-01-29 | R11: In Transit
A12: P002 | B12: GaAs RF Power Amp | C12: Sumitomo Electric | D12: 1900 | E12: 314.96 | F12: =D12*E12 -> 598424 | G12: #### | H12: Line_B3 | I12: 38 | J12: 3084 | K12: 550.58 | L12: =J12*K12 -> 1697988.7 | M12: TRK-92104 | N12: Nippon Express | O12: Asia-Pacific | P12: Seaways | Q12: 2026-01-18 | R12: Pending Quality Release
A13: P009 | B13: GaN Fast Charger IC | C13: Entegris | D13: 4550 | E13: 284.73 | F13: =D13*E13 -> 1295521.5 | G13: #### | H13: Line_D2 | I13: 26 | J13: 3826 | K13: 67.47 | L13: =J13*K13 -> 258140.22 | M13: TRK-15309 | N13: FedEx Cargo | O13: North America | P13: Airways | Q13: 2026-03-17 | R13: Dispatched
... A201: P003 | B201: NAND Flash 3D 128-Layer | C201: $K Siltron | D201: 3300 | E201: 114.88 | F201: =D201*E201 -> 379104 | G201: #### | H201: Line_A2 | I201: 42 | J201: 608 | K201: 45.3 | L201: =J201*K201 -> 27542.4 | M201: TRK-15825 | N201: Nippon Express | O201: South America | P201: Airways | Q201: 2026-04-13 | R201: In Transit

Sheet Cleaned Data
A1: Product ID | B1: Product Name | C1: Supplier Name | D1: Purchase Qty | E1: Unit Cost (USD) | F1: Total Amount (USD) | G1: Batch ID | H1: Production Line | I1: Cycle Time (Days) | J1: Units Sold | K1: Selling Price (USD) | L1: Total Sales (USD) | M1: Tracking ID | N1: Carrier | O1: Destination Region | P1: Customer Name | Q1: Portable Way | R1: Dispatch Date | S1: Shipping Status
A2: P010 | B2: CMOS Image Sensor (CIS) | C2: Shenghe Resources | D2: 2200 | E2: 145.72 | F2: =D2*E2 -> 320584 | G2: BAR-010 | H2: Line_B2 | I2: 13 | J2: 1916 | K2: 56.84 | L2: =J2*K2 -> 108905.44 | M2: TRK-73630 | N2: SF Express | O2: Asia-Pacific | P2: Sandhiya | Q2: Seaways | R2: 2026-02-13 | S2: Pending
A3: P002 | B3: GaAs RF Power Amp | C3: Sumitomo Electric | D3: 2600 | E3: 310.19 | F3: =D3*E3 -> 806494 | G3: BAR-002 | H3: Line_B3 | I3: 33 | J3: 2056 | K3: 556.05 | L3: =J3*K3 -> 1143238.8 | M3: TRK-62939 | N3: DB Schenker | O3: Asia-Pacific | P3: Sandhiya | Q3: Seaways | R3: 2026-01-10 | S3: Pending
A4: P008 | B4: OLED Display Driver IC | C4: Formosa Sumco | D4: 2900 | E4: 101.97 | F4: =D4*E4 -> 295713 | G4: BAR-008 | H4: Line_A3 | I4: 27 | J4: 3564 | K4: 21.26 | L4: =J4*K4 -> 75770.64 | M4: TRK-97678 | N4: DB Schenker | O4: North America | P4: Anu | Q4: Airways | R4: 2026-04-23 | S4: Pending
A5: P004 | B5: Automotive MCU (16-bit) | C5: GlobalWafers | D5: 4400 | E5: 91.15 | F5: =D5*E5 -> 401060 | G5: BAR-004 | H5: Line_C1 | I5: 33 | J5: 1356 | K5: 36.36 | L5: =J5*K5 -> 49304.16 | M5: TRK-66595 | N5: FedEx Cargo | O5: Europe | P5: Barath | Q5: Airways | R5: 2026-01-10 | S5: In Transit
A6: P007 | B6: IGBT Power Module | C6: Siltronic | D6: 3300 | E6: 135.15 | F6: =D6*E6 -> 445995 | G6: BAR-007 | H6: Line_C2 | I6: 41 | J6: 1584 | K6: 182.75 | L6: =J6*K6 -> 289476 | M6: TRK-99582 | N6: Maersk Line | O6: North America | P6: Anu | Q6: Airways | R6: 2026-01-12 | S6: Delivered
A7: P001 | B7: Silicon Wafer 300mm | C7: Hemlock Semiconductor | D7: 4650 | E7: 83.69 | F7: =D7*E7 -> 389158.5 | G7: BAR-001 | H7: Line_A1 | I7: 17 | J7: 3873 | K7: 153.51 | L7: =J7*K7 -> 594544.23 | M7: TRK-28391 | N7: SF Express | O7: Asia-Pacific | P7: Sandhiya | Q7: Seaways | R7: 2026-04-30 | S7: In Transit
A8: P009 | B8: GaN Fast Charger IC | C8: Entegris | D8: 3850 | E8: 303.78 | F8: =D8*E8 -> 1169553 | G8: BAR-009 | H8: Line_D2 | I8: 19 | J8: 653 | K8: 62.71 | L8: =J8*K8 -> 40949.63 | M8: TRK-82133 | N8: SF Express | O8: Europe | P8: Barath | Q8: Airways | R8: 2026-03-02 | S8: Delivered
A9: P004 | B9: Automotive MCU (16-bit) | C9: GlobalWafers | D9: 2750 | E9: 96.7 | F9: =D9*E9 -> 265925 | G9: BAR-004 | H9: Line_C1 | I9: 27 | J9: 1774 | K9: 34.79 | L9: =J9*K9 -> 61717.46 | M9: TRK-78732 | N9: Maersk Line | O9: Europe | P9: Barath | Q9: Airways | R9: 2026-02-02 | S9: Delivered
A10: P005 | B10: AI Accelerator GPU | C10: Shin-Etsu Handotai | D10: 2100 | E10: 428.05 | F10: =D10*E10 -> 898905 | G10: BAR-005 | H10: Line_D1 | I10: 39 | J10: 2856 | K10: 2447.7 | L10: =J10*K10 -> 6990631.2 | M10: TRK-45814 | N10: DB Schenker | O10: Asia-Pacific | P10: Sandhiya | Q10: Seaways | R10: 2026-03-13 | S10: Delayed at Customs
A11: P009 | B11: GaN Fast Charger IC | C11: Entegris | D11: 3000 | E11: 285.2 | F11: =D11*E11 -> 855600 | G11: BAR-009 | H11: Line_D2 | I11: 32 | J11: 3383 | K11: 65.72 | L11: =J11*K11 -> 222330.76 | M11: TRK-38888 | N11: Nippon Express | O11: North America | P11: Anu | Q11: Airways | R11: 2026-01-29 | S11: In Transit
A12: P002 | B12: GaAs RF Power Amp | C12: Sumitomo Electric | D12: 1900 | E12: 314.96 | F12: =D12*E12 -> 598424 | G12: BAR-002 | H12: Line_B3 | I12: 38 | J12: 3084 | K12: 550.58 | L12: =J12*K12 -> 1697988.7 | M12: TRK-92104 | N12: Nippon Express | O12: Asia-Pacific | P12: Sandhiya | Q12: Seaways | R12: 2026-01-18 | S12: Pending
A13: P009 | B13: GaN Fast Charger IC | C13: Entegris | D13: 4550 | E13: 284.73 | F13: =D13*E13 -> 1295521.5 | G13: BAR-009 | H13: Line_D2 | I13: 26 | J13: 3826 | K13: 67.47 | L13: =J13*K13 -> 258140.22 | M13: TRK-15309 | N13: FedEx Cargo | O13: North America | P13: Anu | Q13: Airways | R13: 2026-03-17 | S13: Dispatched
... A201: P003 | B201: NAND Flash 3D 128-Layer | C201: SK Siltron | D201: 3300 | E201: 114.88 | F201: =D201*E201 -> 379104 | G201: BAR-003 | H201: Line_A2 | I201: 42 | J201: 608 | K201: 45.3 | L201: =J201*K201 -> 27542.4 | M201: TRK-15825 | N201: Nippon Express | O201: South America | P201: Prakalya | Q201: Airways | R201: 2026-04-13 | S201: In Transit

Sheet Production
A1: Product ID | B1: Product Name | C1: Purchase Qty | D1: Total Amount | E1: Batch ID | F1: Cycle Time (Days)
A2: P010 | B2: =VLOOKUP(A2,'Cleaned Data'!A:S,2,FALSE) -> CMOS Image Sensor (CIS) | C2: =VLOOKUP(A2,'Cleaned Data'!$A:$S,4,FALSE) -> 2200 | D2: =VLOOKUP(A2,'Cleaned Data'!$A:$S,6,FALSE) -> 320584 | E2: =VLOOKUP(A2,'Cleaned Data'!A:S,7,FALSE) -> BAR-010 | F2: =VLOOKUP(A2,'Cleaned Data'!$A:$S,9,FALSE) -> 13
A3: P002 | B3: =VLOOKUP(A3,'Cleaned Data'!A:S,2,FALSE) -> GaAs RF Power Amp | C3: =VLOOKUP(A3,'Cleaned Data'!$A:$S,4,FALSE) -> 2600 | D3: =VLOOKUP(A3,'Cleaned Data'!$A:$S,6,FALSE) -> 806494 | E3: =VLOOKUP(A3,'Cleaned Data'!A:S,7,FALSE) -> BAR-002 | F3: =VLOOKUP(A3,'Cleaned Data'!$A:$S,9,FALSE) -> 33
A4: P008 | B4: =VLOOKUP(A4,'Cleaned Data'!A:S,2,FALSE) -> OLED Display Driver IC | C4: =VLOOKUP(A4,'Cleaned Data'!$A:$S,4,FALSE) -> 2900 | D4: =VLOOKUP(A4,'Cleaned Data'!$A:$S,6,FALSE) -> 295713 | E4: =VLOOKUP(A4,'Cleaned Data'!A:S,7,FALSE) -> BAR-008 | F4: =VLOOKUP(A4,'Cleaned Data'!$A:$S,9,FALSE) -> 27
A5: P004 | B5: =VLOOKUP(A5,'Cleaned Data'!A:S,2,FALSE) -> Automotive MCU (16-bit) | C5: =VLOOKUP(A5,'Cleaned Data'!$A:$S,4,FALSE) -> 4400 | D5: =VLOOKUP(A5,'Cleaned Data'!$A:$S,6,FALSE) -> 401060 | E5: =VLOOKUP(A5,'Cleaned Data'!A:S,7,FALSE) -> BAR-004 | F5: =VLOOKUP(A5,'Cleaned Data'!$A:$S,9,FALSE) -> 33
A6: P007 | B6: =VLOOKUP(A6,'Cleaned Data'!A:S,2,FALSE) -> IGBT Power Module | C6: =VLOOKUP(A6,'Cleaned Data'!$A:$S,4,FALSE) -> 3300 | D6: =VLOOKUP(A6,'Cleaned Data'!$A:$S,6,FALSE) -> 445995 | E6: =VLOOKUP(A6,'Cleaned Data'!A:S,7,FALSE) -> BAR-007 | F6: =VLOOKUP(A6,'Cleaned Data'!$A:$S,9,FALSE) -> 41
A7: P001 | B7: =VLOOKUP(A7,'Cleaned Data'!A:S,2,FALSE) -> Silicon Wafer 300mm | C7: =VLOOKUP(A7,'Cleaned Data'!$A:$S,4,FALSE) -> 4650 | D7: =VLOOKUP(A7,'Cleaned Data'!$A:$S,6,FALSE) -> 389158.5 | E7: =VLOOKUP(A7,'Cleaned Data'!A:S,7,FALSE) -> BAR-001 | F7: =VLOOKUP(A7,'Cleaned Data'!$A:$S,9,FALSE) -> 17
A8: P009 | B8: =VLOOKUP(A8,'Cleaned Data'!A:S,2,FALSE) -> GaN Fast Charger IC | C8: =VLOOKUP(A8,'Cleaned Data'!$A:$S,4,FALSE) -> 3850 | D8: =VLOOKUP(A8,'Cleaned Data'!$A:$S,6,FALSE) -> 1169553 | E8: =VLOOKUP(A8,'Cleaned Data'!A:S,7,FALSE) -> BAR-009 | F8: =VLOOKUP(A8,'Cleaned Data'!$A:$S,9,FALSE) -> 19
A9: P004 | B9: =VLOOKUP(A9,'Cleaned Data'!A:S,2,FALSE) -> Automotive MCU (16-bit) | C9: =VLOOKUP(A9,'Cleaned Data'!$A:$S,4,FALSE) -> 4400 | D9: =VLOOKUP(A9,'Cleaned Data'!$A:$S,6,FALSE) -> 401060 | E9: =VLOOKUP(A9,'Cleaned Data'!A:S,7,FALSE) -> BAR-004 | F9: =VLOOKUP(A9,'Cleaned Data'!$A:$S,9,FALSE) -> 33
A10: P005 | B10: =VLOOKUP(A10,'Cleaned Data'!A:S,2,FALSE) -> AI Accelerator GPU | C10: =VLOOKUP(A10,'Cleaned Data'!$A:$S,4,FALSE) -> 2100 | D10: =VLOOKUP(A10,'Cleaned Data'!$A:$S,6,FALSE) -> 898905 | E10: =VLOOKUP(A10,'Cleaned Data'!A:S,7,FALSE) -> BAR-005 | F10: =VLOOKUP(A10,'Cleaned Data'!$A:$S,9,FALSE) -> 39
A11: P009 | B11: =VLOOKUP(A11,'Cleaned Data'!A:S,2,FALSE) -> GaN Fast Charger IC | C11: =VLOOKUP(A11,'Cleaned Data'!$A:$S,4,FALSE) -> 3850 | D11: =VLOOKUP(A11,'Cleaned Data'!$A:$S,6,FALSE) -> 1169553 | E11: =VLOOKUP(A11,'Cleaned Data'!A:S,7,FALSE) -> BAR-009 | F11: =VLOOKUP(A11,'Cleaned Data'!$A:$S,9,FALSE) -> 19
A12: P002 | B12: =VLOOKUP(A12,'Cleaned Data'!A:S,2,FALSE) -> GaAs RF Power Amp | C12: =VLOOKUP(A12,'Cleaned Data'!$A:$S,4,FALSE) -> 2600 | D12: =VLOOKUP(A12,'Cleaned Data'!$A:$S,6,FALSE) -> 806494 | E12: =VLOOKUP(A12,'Cleaned Data'!A:S,7,FALSE) -> BAR-002 | F12: =VLOOKUP(A12,'Cleaned Data'!$A:$S,9,FALSE) -> 33
A13: P009 | B13: =VLOOKUP(A13,'Cleaned Data'!A:S,2,FALSE) -> GaN Fast Charger IC | C13: =VLOOKUP(A13,'Cleaned Data'!$A:$S,4,FALSE) -> 3850 | D13: =VLOOKUP(A13,'Cleaned Data'!$A:$S,6,FALSE) -> 1169553 | E13: =VLOOKUP(A13,'Cleaned Data'!A:S,7,FALSE) -> BAR-009 | F13: =VLOOKUP(A13,'Cleaned Data'!$A:$S,9,FALSE) -> 19
... A201: P003 | B201: =VLOOKUP(A201,'Cleaned Data'!A:S,2,FALSE) -> NAND Flash 3D 128-Layer | C201: =VLOOKUP(A201,'Cleaned Data'!$A:$S,4,FALSE) -> 4750 | D201: =VLOOKUP(A201,'Cleaned Data'!$A:$S,6,FALSE) -> 537225 | E201: =VLOOKUP(A201,'Cleaned Data'!A:S,7,FALSE) -> BAR-003 | F201: =VLOOKUP(A201,'Cleaned Data'!$A:$S,9,FALSE) -> 18

Sheet Sales
A1: Product ID | B1: Product Name | C1: Units Sold | D1: Cost Price (USD) | E1: Total Sales (USD)
A2: P010 | B2: CMOS Image Sensor (CIS) | C2: 1916 | D2: 56.84 | E2: =C2*D2 -> 108905.44
A3: P002 | B3: GaAs RF Power Amp | C3: 2056 | D3: 556.05 | E3: =C3*D3 -> 1143238.8
A4: P008 | B4: OLED Display Driver IC | C4: 3564 | D4: 21.26 | E4: =C4*D4 -> 75770.64
A5: P004 | B5: Automotive MCU (16-bit) | C5: 1356 | D5: 36.36 | E5: =C5*D5 -> 49304.16
A6: P007 | B6: IGBT Power Module | C6: 1584 | D6: 182.75 | E6: =C6*D6 -> 289476
A7: P001 | B7: Silicon Wafer 300mm | C7: 3873 | D7: 153.51 | E7: =C7*D7 -> 594544.23
A8: P009 | B8: GaN Fast Charger IC | C8: 653 | D8: 62.71 | E8: =C8*D8 -> 40949.63
A9: P004 | B9: Automotive MCU (16-bit) | C9: 1774 | D9: 34.79 | E9: =C9*D9 -> 61717.46
A10: P005 | B10: AI Accelerator GPU | C10: 2856 | D10: 2447.7 | E10: =C10*D10 -> 6990631.2
A11: P009 | B11: GaN Fast Charger IC | C11: 3383 | D11: 65.72 | E11: =C11*D11 -> 222330.76
A12: P002 | B12: GaAs RF Power Amp | C12: 3084 | D12: 550.58 | E12: =C12*D12 -> 1697988.7
A13: P009 | B13: GaN Fast Charger IC | C13: 3826 | D13: 67.47 | E13: =C13*D13 -> 258140.22
... A201: P003 | B201: NAND Flash 3D 128-Layer | C201: 608 | D201: 45.3 | E201: =C201*D201 -> 27542.4

Sheet Suppliers
A1: Supplier Name | B1: Customer Name | C1: Product Name | D1: Units Sold | E1: Selling Price (USD) | F1: Total Sales (USD)
A2: Shenghe Resources | B2: Sandhiya | C2: CMOS Image Sensor (CIS) | D2: 1916 | E2: 56.84 | F2: =D2*E2 -> 108905.44
A3: Sumitomo Electric | B3: Sandhiya | C3: GaAs RF Power Amp | D3: 2056 | E3: 556.05 | F3: =D3*E3 -> 1143238.8
A4: Formosa Sumco | B4: Anu | C4: OLED Display Driver IC | D4: 3564 | E4: 21.26 | F4: =D4*E4 -> 75770.64
A5: GlobalWafers | B5: Barath | C5: Automotive MCU (16-bit) | D5: 1356 | E5: 36.36 | F5: =D5*E5 -> 49304.16
A6: Siltronic | B6: Anu | C6: IGBT Power Module | D6: 1584 | E6: 182.75 | F6: =D6*E6 -> 289476
A7: Hemlock Semiconductor | B7: Sandhiya | C7: Silicon Wafer 300mm | D7: 3873 | E7: 153.51 | F7: =D7*E7 -> 594544.23
A8: Entegris | B8: Barath | C8: GaN Fast Charger IC | D8: 653 | E8: 62.71 | F8: =D8*E8 -> 40949.63
A9: GlobalWafers | B9: Barath | C9: Automotive MCU (16-bit) | D9: 1774 | E9: 34.79 | F9: =D9*E9 -> 61717.46
A10: Shin-Etsu Handotai | B10: Sandhiya | C10: AI Accelerator GPU | D10: 2856 | E10: 2447.7 | F10: =D10*E10 -> 6990631.2
A11: Entegris | B11: Anu | C11: GaN Fast Charger IC | D11: 3383 | E11: 65.72 | F11: =D11*E11 -> 222330.76
A12: Sumitomo Electric | B12: Sandhiya | C12: GaAs RF Power Amp | D12: 3084 | E12: 550.58 | F12: =D12*E12 -> 1697988.7
A13: Entegris | B13: Anu | C13: GaN Fast Charger IC | D13: 3826 | E13: 67.47 | F13: =D13*E13 -> 258140.22
... A201: SK Siltron | B201: Prakalya | C201: NAND Flash 3D 128-Layer | D201: 608 | E201: 45.3 | F201: =D201*E201 -> 27542.4

Sheet Products
A1: Product ID | B1: Product Name | C1: Purchase Qty (KG) | D1: Unit Cost (USD) | E1: Total Amount (USD)
A2: P010 | B2: =VLOOKUP(A2,'Cleaned Data'!A:S,2,FALSE) -> CMOS Image Sensor (CIS) | C2: =VLOOKUP(B2,'Cleaned Data'!B:T,3,FALSE) -> 2200 | D2: =VLOOKUP(A2,'Cleaned Data'!$A:$S,5,FALSE) -> 145.72 | E2: =VLOOKUP(A2,'Cleaned Data'!$A:$S,6,FALSE) -> 320584
A3: P002 | B3: =VLOOKUP(A3,'Cleaned Data'!A:S,2,FALSE) -> GaAs RF Power Amp | C3: =VLOOKUP(B3,'Cleaned Data'!B:T,3,FALSE) -> 2600 | D3: =VLOOKUP(A3,'Cleaned Data'!$A:$S,5,FALSE) -> 310.19 | E3: =VLOOKUP(A3,'Cleaned Data'!$A:$S,6,FALSE) -> 806494
A4: P008 | B4: =VLOOKUP(A4,'Cleaned Data'!A:S,2,FALSE) -> OLED Display Driver IC | C4: =VLOOKUP(B4,'Cleaned Data'!B:T,3,FALSE) -> 2900 | D4: =VLOOKUP(A4,'Cleaned Data'!$A:$S,5,FALSE) -> 101.97 | E4: =VLOOKUP(A4,'Cleaned Data'!$A:$S,6,FALSE) -> 295713
A5: P004 | B5: =VLOOKUP(A5,'Cleaned Data'!A:S,2,FALSE) -> Automotive MCU (16-bit) | C5: =VLOOKUP(B5,'Cleaned Data'!B:T,3,FALSE) -> 4400 | D5: =VLOOKUP(A5,'Cleaned Data'!$A:$S,5,FALSE) -> 91.15 | E5: =VLOOKUP(A5,'Cleaned Data'!$A:$S,6,FALSE) -> 401060
A6: P007 | B6: =VLOOKUP(A6,'Cleaned Data'!A:S,2,FALSE) -> IGBT Power Module | C6: =VLOOKUP(B6,'Cleaned Data'!B:T,3,FALSE) -> 3300 | D6: =VLOOKUP(A6,'Cleaned Data'!$A:$S,5,FALSE) -> 135.15 | E6: =VLOOKUP(A6,'Cleaned Data'!$A:$S,6,FALSE) -> 445995
A7: P001 | B7: =VLOOKUP(A7,'Cleaned Data'!A:S,2,FALSE) -> Silicon Wafer 300mm | C7: =VLOOKUP(B7,'Cleaned Data'!B:T,3,FALSE) -> 4650 | D7: =VLOOKUP(A7,'Cleaned Data'!$A:$S,5,FALSE) -> 83.69 | E7: =VLOOKUP(A7,'Cleaned Data'!$A:$S,6,FALSE) -> 389158.5
A8: P009 | B8: =VLOOKUP(A8,'Cleaned Data'!A:S,2,FALSE) -> GaN Fast Charger IC | C8: =VLOOKUP(B8,'Cleaned Data'!B:T,3,FALSE) -> 3850 | D8: =VLOOKUP(A8,'Cleaned Data'!$A:$S,5,FALSE) -> 303.78 | E8: =VLOOKUP(A8,'Cleaned Data'!$A:$S,6,FALSE) -> 1169553
A9: P004 | B9: =VLOOKUP(A9,'Cleaned Data'!A:S,2,FALSE) -> Automotive MCU (16-bit) | C9: =VLOOKUP(B9,'Cleaned Data'!B:T,3,FALSE) -> 4400 | D9: =VLOOKUP(A9,'Cleaned Data'!$A:$S,5,FALSE) -> 91.15 | E9: =VLOOKUP(A9,'Cleaned Data'!$A:$S,6,FALSE) -> 401060
A10: P005 | B10: =VLOOKUP(A10,'Cleaned Data'!A:S,2,FALSE) -> AI Accelerator GPU | C10: =VLOOKUP(B10,'Cleaned Data'!B:T,3,FALSE) -> 2100 | D10: =VLOOKUP(A10,'Cleaned Data'!$A:$S,5,FALSE) -> 428.05 | E10: =VLOOKUP(A10,'Cleaned Data'!$A:$S,6,FALSE) -> 898905
A11: P009 | B11: =VLOOKUP(A11,'Cleaned Data'!A:S,2,FALSE) -> GaN Fast Charger IC | C11: =VLOOKUP(B11,'Cleaned Data'!B:T,3,FALSE) -> 3850 | D11: =VLOOKUP(A11,'Cleaned Data'!$A:$S,5,FALSE) -> 303.78 | E11: =VLOOKUP(A11,'Cleaned Data'!$A:$S,6,FALSE) -> 1169553
A12: P002 | B12: =VLOOKUP(A12,'Cleaned Data'!A:S,2,FALSE) -> GaAs RF Power Amp | C12: =VLOOKUP(B12,'Cleaned Data'!B:T,3,FALSE) -> 2600 | D12: =VLOOKUP(A12,'Cleaned Data'!$A:$S,5,FALSE) -> 310.19 | E12: =VLOOKUP(A12,'Cleaned Data'!$A:$S,6,FALSE) -> 806494
A13: P009 | B13: =VLOOKUP(A13,'Cleaned Data'!A:S,2,FALSE) -> GaN Fast Charger IC | C13: =VLOOKUP(B13,'Cleaned Data'!B:T,3,FALSE) -> 3850 | D13: =VLOOKUP(A13,'Cleaned Data'!$A:$S,5,FALSE) -> 303.78 | E13: =VLOOKUP(A13,'Cleaned Data'!$A:$S,6,FALSE) -> 1169553
... A201: P003 | B201: =VLOOKUP(A201,'Cleaned Data'!A:S,2,FALSE) -> NAND Flash 3D 128-Layer | C201: =VLOOKUP(B201,'Cleaned Data'!B:T,3,FALSE) -> 4750 | D201: =VLOOKUP(A201,'Cleaned Data'!$A:$S,5,FALSE) -> 113.1 | E201: =VLOOKUP(A201,'Cleaned Data'!$A:$S,6,FALSE) -> 537225

Sheet Portable Way
A1: Product ID | B1: Product Name | C1: Tracking ID | D1: Carrier | E1: Destination Region | F1: Portable Way | G1: Dispatch Date | H1: Shipping Status
A2: P010 | B2: =VLOOKUP(A2,'Cleaned Data'!$A:$S,2,FALSE) -> CMOS Image Sensor (CIS) | C2: =VLOOKUP(A2,'Cleaned Data'!$A:$S,13,FALSE) -> TRK-73630 | D2: =VLOOKUP(A2,'Cleaned Data'!$A:$S,14,FALSE) -> SF Express | E2: =VLOOKUP(A2,'Cleaned Data'!$A:$S,15,FALSE) -> Asia-Pacific | F2: Seaways | G2: =VLOOKUP(A2,'Cleaned Data'!$A:$S,18,FALSE) -> 2026-02-13 | H2: =VLOOKUP(A2,'Cleaned Data'!$A:$S,19,FALSE) -> Pending
A3: P002 | B3: =VLOOKUP(A3,'Cleaned Data'!$A:$S,2,FALSE) -> GaAs RF Power Amp | C3: =VLOOKUP(A3,'Cleaned Data'!$A:$S,13,FALSE) -> TRK-62939 | D3: =VLOOKUP(A3,'Cleaned Data'!$A:$S,14,FALSE) -> DB Schenker | E3: =VLOOKUP(A3,'Cleaned Data'!$A:$S,15,FALSE) -> Asia-Pacific | F3: Seaways | G3: =VLOOKUP(A3,'Cleaned Data'!$A:$S,18,FALSE) -> 2026-01-10 | H3: =VLOOKUP(A3,'Cleaned Data'!$A:$S,19,FALSE) -> Pending
A4: P008 | B4: =VLOOKUP(A4,'Cleaned Data'!$A:$S,2,FALSE) -> OLED Display Driver IC | C4: =VLOOKUP(A4,'Cleaned Data'!$A:$S,13,FALSE) -> TRK-97678 | D4: =VLOOKUP(A4,'Cleaned Data'!$A:$S,14,FALSE) -> DB Schenker | E4: =VLOOKUP(A4,'Cleaned Data'!$A:$S,15,FALSE) -> North America | F4: Airways | G4: =VLOOKUP(A4,'Cleaned Data'!$A:$S,18,FALSE) -> 2026-04-23 | H4: =VLOOKUP(A4,'Cleaned Data'!$A:$S,19,FALSE) -> Pending
A5: P004 | B5: =VLOOKUP(A5,'Cleaned Data'!$A:$S,2,FALSE) -> Automotive MCU (16-bit) | C5: =VLOOKUP(A5,'Cleaned Data'!$A:$S,13,FALSE) -> TRK-66595 | D5: =VLOOKUP(A5,'Cleaned Data'!$A:$S,14,FALSE) -> FedEx Cargo | E5: =VLOOKUP(A5,'Cleaned Data'!$A:$S,15,FALSE) -> Europe | F5: Airways | G5: =VLOOKUP(A5,'Cleaned Data'!$A:$S,18,FALSE) -> 2026-01-10 | H5: =VLOOKUP(A5,'Cleaned Data'!$A:$S,19,FALSE) -> In Transit
A6: P007 | B6: =VLOOKUP(A6,'Cleaned Data'!$A:$S,2,FALSE) -> IGBT Power Module | C6: =VLOOKUP(A6,'Cleaned Data'!$A:$S,13,FALSE) -> TRK-99582 | D6: =VLOOKUP(A6,'Cleaned Data'!$A:$S,14,FALSE) -> Maersk Line | E6: =VLOOKUP(A6,'Cleaned Data'!$A:$S,15,FALSE) -> North America | F6: Airways | G6: =VLOOKUP(A6,'Cleaned Data'!$A:$S,18,FALSE) -> 2026-01-12 | H6: =VLOOKUP(A6,'Cleaned Data'!$A:$S,19,FALSE) -> Delivered
A7: P001 | B7: =VLOOKUP(A7,'Cleaned Data'!$A:$S,2,FALSE) -> Silicon Wafer 300mm | C7: =VLOOKUP(A7,'Cleaned Data'!$A:$S,13,FALSE) -> TRK-28391 | D7: =VLOOKUP(A7,'Cleaned Data'!$A:$S,14,FALSE) -> SF Express | E7: =VLOOKUP(A7,'Cleaned Data'!$A:$S,15,FALSE) -> Asia-Pacific | F7: Seaways | G7: =VLOOKUP(A7,'Cleaned Data'!$A:$S,18,FALSE) -> 2026-04-30 | H7: =VLOOKUP(A7,'Cleaned Data'!$A:$S,19,FALSE) -> In Transit
A8: P009 | B8: =VLOOKUP(A8,'Cleaned Data'!$A:$S,2,FALSE) -> GaN Fast Charger IC | C8: =VLOOKUP(A8,'Cleaned Data'!$A:$S,13,FALSE) -> TRK-82133 | D8: =VLOOKUP(A8,'Cleaned Data'!$A:$S,14,FALSE) -> SF Express | E8: =VLOOKUP(A8,'Cleaned Data'!$A:$S,15,FALSE) -> Europe | F8: Airways | G8: =VLOOKUP(A8,'Cleaned Data'!$A:$S,18,FALSE) -> 2026-03-02 | H8: =VLOOKUP(A8,'Cleaned Data'!$A:$S,19,FALSE) -> Delivered
A9: P004 | B9: =VLOOKUP(A9,'Cleaned Data'!$A:$S,2,FALSE) -> Automotive MCU (16-bit) | C9: =VLOOKUP(A9,'Cleaned Data'!$A:$S,13,FALSE) -> TRK-66595 | D9: =VLOOKUP(A9,'Cleaned Data'!$A:$S,14,FALSE) -> FedEx Cargo | E9: =VLOOKUP(A9,'Cleaned Data'!$A:$S,15,FALSE) -> Europe | F9: Airways | G9: =VLOOKUP(A9,'Cleaned Data'!$A:$S,18,FALSE) -> 2026-01-10 | H9: =VLOOKUP(A9,'Cleaned Data'!$A:$S,19,FALSE) -> In Transit
A10: P005 | B10: =VLOOKUP(A10,'Cleaned Data'!$A:$S,2,FALSE) -> AI Accelerator GPU | C10: =VLOOKUP(A10,'Cleaned Data'!$A:$S,13,FALSE) -> TRK-45814 | D10: =VLOOKUP(A10,'Cleaned Data'!$A:$S,14,FALSE) -> DB Schenker | E10: =VLOOKUP(A10,'Cleaned Data'!$A:$S,15,FALSE) -> Asia-Pacific | F10: Seaways | G10: =VLOOKUP(A10,'Cleaned Data'!$A:$S,18,FALSE) -> 2026-03-13 | H10: =VLOOKUP(A10,'Cleaned Data'!$A:$S,19,FALSE) -> Delayed at Customs
A11: P009 | B11: =VLOOKUP(A11,'Cleaned Data'!$A:$S,2,FALSE) -> GaN Fast Charger IC | C11: =VLOOKUP(A11,'Cleaned Data'!$A:$S,13,FALSE) -> TRK-82133 | D11: =VLOOKUP(A11,'Cleaned Data'!$A:$S,14,FALSE) -> SF Express | E11: =VLOOKUP(A11,'Cleaned Data'!$A:$S,15,FALSE) -> Europe | F11: Airways | G11: =VLOOKUP(A11,'Cleaned Data'!$A:$S,18,FALSE) -> 2026-03-02 | H11: =VLOOKUP(A11,'Cleaned Data'!$A:$S,19,FALSE) -> Delivered
A12: P002 | B12: =VLOOKUP(A12,'Cleaned Data'!$A:$S,2,FALSE) -> GaAs RF Power Amp | C12: =VLOOKUP(A12,'Cleaned Data'!$A:$S,13,FALSE) -> TRK-62939 | D12: =VLOOKUP(A12,'Cleaned Data'!$A:$S,14,FALSE) -> DB Schenker | E12: =VLOOKUP(A12,'Cleaned Data'!$A:$S,15,FALSE) -> Asia-Pacific | F12: Seaways | G12: =VLOOKUP(A12,'Cleaned Data'!$A:$S,18,FALSE) -> 2026-01-10 | H12: =VLOOKUP(A12,'Cleaned Data'!$A:$S,19,FALSE) -> Pending
A13: P009 | B13: =VLOOKUP(A13,'Cleaned Data'!$A:$S,2,FALSE) -> GaN Fast Charger IC | C13: =VLOOKUP(A13,'Cleaned Data'!$A:$S,13,FALSE) -> TRK-82133 | D13: =VLOOKUP(A13,'Cleaned Data'!$A:$S,14,FALSE) -> SF Express | E13: =VLOOKUP(A13,'Cleaned Data'!$A:$S,15,FALSE) -> Europe | F13: Airways | G13: =VLOOKUP(A13,'Cleaned Data'!$A:$S,18,FALSE) -> 2026-03-02 | H13: =VLOOKUP(A13,'Cleaned Data'!$A:$S,19,FALSE) -> Delivered
... A201: P003 | B201: =VLOOKUP(A201,'Cleaned Data'!$A:$S,2,FALSE) -> NAND Flash 3D 128-Layer | C201: =VLOOKUP(A201,'Cleaned Data'!$A:$S,13,FALSE) -> TRK-99575 | D201: =VLOOKUP(A201,'Cleaned Data'!$A:$S,14,FALSE) -> Nippon Express | E201: =VLOOKUP(A201,'Cleaned Data'!$A:$S,15,FALSE) -> Asia-Pacific | F201: Airways | G201: =VLOOKUP(A201,'Cleaned Data'!$A:$S,18,FALSE) -> 2026-01-15 | H201: =VLOOKUP(A201,'Cleaned Data'!$A:$S,19,FALSE) -> Delayed at Customs
